{"cameraMode":{"drawMode":0,"name":"Shaded","section":"Shading Mode"},"sceneLighting":true,"audioPlay":false,"sceneViewState":{"m_AlwaysRefresh":false,"showFog":true,"showSkybox":true,"showFlares":true,"showImageEffects":true,"showParticleSystems":true,"showVisualEffectGraphs":true,"m_FxEnabled":true},"in2DMode":false,"pivot":{"x":180.34902954101563,"y":-196.72189331054688,"z":299.15216064453127},"rotation":{"x":0.24551042914390565,"y":0.25961342453956606,"z":-0.06842221319675446,"w":0.9315136671066284},"size":205.43035888671876,"orthographic":false}