{"cameraMode":{"drawMode":0,"name":"Shaded","section":"Shading Mode"},"sceneLighting":false,"audioPlay":false,"sceneViewState":{"m_AlwaysRefresh":false,"showFog":true,"showSkybox":false,"showFlares":true,"showImageEffects":true,"showParticleSystems":true,"showVisualEffectGraphs":true,"m_FxEnabled":true},"in2DMode":false,"pivot":{"x":0.012407290749251843,"y":0.7532157301902771,"z":0.15897345542907716},"rotation":{"x":0.19137215614318849,"y":0.7279682159423828,"z":-0.22518737614154817,"w":0.6186532974243164},"size":0.7256969809532166,"orthographic":false}