{"cameraMode":{"drawMode":0,"name":"Shaded","section":"Shading Mode"},"sceneLighting":false,"audioPlay":false,"sceneViewState":{"m_AlwaysRefresh":false,"showFog":true,"showSkybox":false,"showFlares":true,"showImageEffects":true,"showParticleSystems":true,"showVisualEffectGraphs":true,"m_FxEnabled":true},"in2DMode":false,"pivot":{"x":0.3023873567581177,"y":0.14534953236579896,"z":0.14677441120147706},"rotation":{"x":-0.007688036188483238,"y":-0.7677435874938965,"z":-0.00921332836151123,"w":0.6406455039978027},"size":0.7081635594367981,"orthographic":true}